# One attempt per unit and mangled symbol. Columns: unit, symbol, provenance.
# Reserved before compilation; even a failed compile counts as an attempt.
collision	Copy__10CCollisionFR10CCollisionP9mgCMemory	collision.promote.log
collision	Copy__13CCollisionMDTFR13CCollisionMDTP9mgCMemory	collision.promote.log
collision	CreateBBox__10CCollisionFv	collision.promote.log
collision	CreateBBox__13CCollisionMDTFv	collision.promote.log
collision	CreateCollisionMDT__FPUiP9mgCMemory	collision.promote.log
collision	Draw__9CColFrameFP14mgCDrawManager	collision.promote.log
collision	Draw__9CColFrameFPUiP14mgCDrawManager	collision.promote.log
collision	GetMaxY__10CCollisionFPf	collision.promote.log
collision	GetMaxY__13CCollisionMDTFPf	collision.promote.log
collision	GetWorldBBox__9CColFrameFP9mgVu0FBOX	collision.promote.log
collision	Initialize__10CCollisionFv	collision.promote.log
collision	Initialize__13CCollisionMDTFv	collision.promote.log
collision	Initialize__9CColFrameFv	collision.promote.log
collision	InsidePoint__10CCollisionFPf	collision.promote.log
collision	LoadCollisionFile__FP10MDS_HEADERP9mgCMemory	collision.promote.log
collision	PickUpNearPoly__13CCollisionMDTFP6CCPolyRC9mgVu0FBOXi	collision.promote.log
collision	PickUpNearPoly__9CColFrameFP6CCPolyRC9mgVu0FBOXi	collision.promote.log
collision	__ct__9CColFrameFv	collision.promote.log
collision	pre_trance_normal__FPA4_f	collision.promote.log
collision	trance_normal__FPfPfPfPf	collision.promote.log
dataread	DivPathNameExt__FPcPcPcPc	dataread.promote.log
dataread	DivPathName__FPcPcPc	dataread.promote.log
dataread	GetDevType__FPcPc	dataread.promote.log
dataread	GetPackFileNum__FPUi	dataread.promote.log
dataread	GetPackFile__FPUiPcPi	dataread.promote.log
dataread	GetPackFile__FPUiiPPcPi	dataread.promote.log
dataread	GetReadBGFile__FPc	dataread.promote.log
dataread	InitCDFile__Fv	dataread.promote.log
dataread	InitFileCache__FP1i	dataread.promote.log
dataread	LoadFile2__FPcPvPii	dataread.promote.log
dataread	LoadFileBG__FPcP1Pi	dataread.promote.log
dataread	LoadFileCacheBG__FPc	dataread.promote.log
dataread	LoadFile__FPcPvPi	dataread.promote.log
dataread	ReadBGSync__Fv	dataread.promote.log
dataread	ReadBG__Fv	dataread.promote.log
dataread	SearchFileCache__FPc	dataread.promote.log
dataread	align_size__FUiUi	dataread.promote.log
gamepad	CancelAutoRepeat2__8CGamePadFi	gamepad.promote.log
gamepad	CancelAutoRepeat__8CGamePadFi	gamepad.promote.log
gamepad	Capture__8CGamePadFP10PAD_STATUS	gamepad.promote.log
gamepad	CreateGamePadThread__FP8CGamePad	gamepad.promote.log
gamepad	Init__8CGamePadFv	gamepad.promote.log
gamepad	Play__8CGamePadFP10PAD_STATUS	gamepad.promote.log
gamepad	SetAutoRepeat2__8CGamePadFiii	gamepad.promote.log
gamepad	SetAutoRepeat__8CGamePadFiii	gamepad.promote.log
gamepad	UpDate__8CGamePadFv	gamepad.promote.log
gamepad	pad_button_read__FP10PAD_STATUSii	gamepad.promote.log
gamepad	read_pad__FP10PAD_STATUSii	gamepad.promote.log
gameutil	AnimeDataInit__FP8mgCFrameP14tagMOTION_TYPEP9mgCMemoryP12tagFRAME_INF	gameutil.promote.log
gameutil	AnimeDataInit__FP8mgCFrameP14tagMOTION_TYPEP9mgCMemoryPP12tagFRAME_INF	gameutil.promote.log
gameutil	ChangeMotion__FP8mgCFrameP14tagMOTION_TYPEUiUifP9mgCCamera	gameutil.promote.log
gameutil	ChangeWeight__FP8Mot_ListP9mgCMemoryPUciP12tagFRAME_INFP12mgCVisualMDTP8mgCFrameP8mgCFrame	gameutil.promote.log
gameutil	CheckHitVertical__FP13CollisionInfoPffPfi	gameutil.promote.log
gameutil	CheckHitVertical__FP6CCPolyiPffPfi	gameutil.promote.log
gameutil	CheckHit__FP13CollisionInfoPfPfPfii	gameutil.promote.log
gameutil	CheckHit__FP6CCPolyiPfPfPfii	gameutil.promote.log
gameutil	CheckHitsPipeY__FP6CCPolyiPffiPiPA4_fii	gameutil.promote.log
gameutil	CheckHitsPipe__FP6CCPolyiPfPfiPiPA4_fii	gameutil.promote.log
gameutil	CheckHitsSphere__FP6CCPolyiPfiPiPA4_fii	gameutil.promote.log
gameutil	CheckHits__FP13CollisionInfoPfPfiPiPA4_fii	gameutil.promote.log
gameutil	CheckHits__FP6CCPolyiPfPfiPiPA4_fii	gameutil.promote.log
gameutil	CreateAnimeDataEX__FP14tagMOTION_TYPEP9mgCMemoryP16MOTION_FILE_INFO	gameutil.promote.log
gameutil	DeformMesh__FP8mgCFrameP14tagMOTION_TYPEP12tagFRAME_INFb	gameutil.promote.log
gameutil	MotionProc2__FP8mgCFrameP14tagMOTION_TYPEP12tagFRAME_INFP8Mot_List	gameutil.promote.log
gameutil	MotionProc3__FP8mgCFrameP14tagMOTION_TYPEP12tagFRAME_INFP8Mot_List	gameutil.promote.log
gameutil	MotionProc__FP8mgCFrameUiUifP8Mot_ListP9mgCCamera	gameutil.promote.log
gameutil	MotionProc__FP8mgCFramefP8Mot_ListP9mgCCamera	gameutil.promote.log
gameutil	QuatSlerp__FPfPffPf	gameutil.promote.log
gameutil	SetKeyFrame__FP8Mot_ListP20FRAME_VECTOR_EX_DATAP9mgCMemory	gameutil.promote.log
gameutil	SetMotionTime__FP8mgCFrameP14tagMOTION_TYPEfP9mgCCamera	gameutil.promote.log
gameutil	testVUnew__FPA4_fPfPfPfPf	gameutil.promote.log
main	VSyncCallBack__Fi__2	main.promote.log
main	init__Fv	main.promote.log
main	main	main.promote.log
mapinfo	AddMapInfo__8CMapInfoFPciP9mgCMemory	mapinfo.promote.log
mapinfo	Initialize__11CCameraInfoFv	mapinfo.promote.log
mapinfo	LoadMapInfo__8CMapInfoFPciP9mgCMemory	mapinfo.promote.log
mapinfo	OutputLightData__8CMapInfoFPc	mapinfo.promote.log
mapinfo	__ct__16CMapLightingInfoFv	mapinfo.promote.log
mapinfo	amapIMG__FP9SPI_STACKi	mapinfo.promote.log
mapinfo	amapPCP__FP9SPI_STACKi	mapinfo.promote.log
mapinfo	mapACTIVE_LIGHT_SET__FP9SPI_STACKi	mapinfo.promote.log
mapinfo	mapALL_SCISSOR__FP9SPI_STACKi	mapinfo.promote.log
mapinfo	mapAMBIENT__FP9SPI_STACKi	mapinfo.promote.log
mapinfo	mapBGCOLOR2__FP9SPI_STACKi	mapinfo.promote.log
mapinfo	mapBGCOLOR__FP9SPI_STACKi	mapinfo.promote.log
mapinfo	mapCHARA_LIGHT_ADJUST__FP9SPI_STACKi	mapinfo.promote.log
mapinfo	mapCHARA_POS__FP9SPI_STACKi	mapinfo.promote.log
mapinfo	mapDEF_FOOT__FP9SPI_STACKi	mapinfo.promote.log
mapinfo	mapFLOOR__FP9SPI_STACKi	mapinfo.promote.log
mapinfo	mapFOG_ENABLE__FP9SPI_STACKi	mapinfo.promote.log
mapinfo	mapFOG__FP9SPI_STACKi	mapinfo.promote.log
mapinfo	mapFOV__FP9SPI_STACKi	mapinfo.promote.log
mapinfo	mapIMG__FP9SPI_STACKi	mapinfo.promote.log
mapinfo	mapLENS_FLARE__FP9SPI_STACKi	mapinfo.promote.log
mapinfo	mapLIGHT_SET_END__FP9SPI_STACKi	mapinfo.promote.log
mapinfo	mapLIGHT_SET__FP9SPI_STACKi	mapinfo.promote.log
mapinfo	mapLIGHT__FP9SPI_STACKi	mapinfo.promote.log
mapinfo	mapPCP__FP9SPI_STACKi	mapinfo.promote.log
mapinfo	mapPLIGHT__FP9SPI_STACKi	mapinfo.promote.log
mapinfo	mapSKY_INFO__FP9SPI_STACKi	mapinfo.promote.log
mapinfo	mapTIME_CFADE__FP9SPI_STACKi	mapinfo.promote.log
mapinfo	mapTIME_FLAG__FP9SPI_STACKi	mapinfo.promote.log
mapinfo	mapTIME_LIGHT_NUM__FP9SPI_STACKi	mapinfo.promote.log
mapload	GetActiveLightNo__4CMapFv	mapload.promote.log
mapload	GetActiveLightNo__8CMapInfoFv	mapload.promote.log
mapload	GetLODBlend__9CMapPartsFv	mapload.promote.log
mapload	GetLightInfo__4CMapFP16CMapLightingInfo	mapload.promote.log
mapload	GetLightInfo__4CMapFP16CMapLightingInfoPfi	mapload.promote.log
mapload	GetLightNoTime__4CMapFi	mapload.promote.log
mapload	GetLightingRatio__4CMapFPf	mapload.promote.log
mapload	GetNowTimeLightBand__4CMapFv	mapload.promote.log
mapload	GetTimeLightingRatio__4CMapFPf	mapload.promote.log
mapload	Initialize__17CList_9CMapParts_Fv	mapload.promote.log
mapload	Initialize__17CList_9CMapPiece_Fv	mapload.promote.log
mapload	IsAddMode__Fv	mapload.promote.log
mapload	SetLODBlend__9CMapPartsFi	mapload.promote.log
mapload	SetLODDist__9CMapPartsFPfi	mapload.promote.log
mapload	SetMaterial__9CMapPieceFP13PieceMateriali	mapload.promote.log
mapload	SetName__9CMapPieceFPc	mapload.promote.log
mapload	__as__16CMapLightingInfoFRC16CMapLightingInfo	mapload.promote.log
mapload	__ct__12CObjectFrameFv	mapload.promote.log
mapload	__ct__17CList_9CMapParts_Fv	mapload.promote.log
mapload	__ct__17CList_9CMapPiece_Fv	mapload.promote.log
mapload	__ct__7CObjectFv	mapload.promote.log
mapload	__ct__9CMapPieceFv	mapload.promote.log
mapload	__ct__9mgCObjectFv	mapload.promote.log
mapload	algn16_size__FUi	mapload.promote.log
mapload	mapDummy__FP9SPI_STACKi	mapload.promote.log
mapload	mapFAR_CLIP__FP9SPI_STACKi	mapload.promote.log
mapload	mapLIGHT_FLAG__FP9SPI_STACKi	mapload.promote.log
mapload	mapLOD_BLEND__FP9SPI_STACKi	mapload.promote.log
mapload	mapLOD_END__FP9SPI_STACKi	mapload.promote.log
mapload	mapLOD_PIECE__FP9SPI_STACKi	mapload.promote.log
mapload	mapLOD_START__FP9SPI_STACKi	mapload.promote.log
mapload	mapMOVE_FLAG__FP9SPI_STACKi	mapload.promote.log
mapload	mapPARTS__FP9SPI_STACKi	mapload.promote.log
mapload	mapPIECE_MATERIAL_START__FP9SPI_STACKi	mapload.promote.log
mapload	mapPIECE_NAME__FP9SPI_STACKi	mapload.promote.log
mapload	mapPIECE_POS__FP9SPI_STACKi	mapload.promote.log
mapload	mapPIECE_ROT__FP9SPI_STACKi	mapload.promote.log
mapload	mapPIECE_SCALE__FP9SPI_STACKi	mapload.promote.log
mapload	mapPIECE__FP9SPI_STACKi	mapload.promote.log
mapload	mgAbs__Ff	mapload.promote.log
mapload	pGetData__17CList_9CMapParts_Fv	mapload.promote.log
mapload	pGetData__17CList_9CMapPiece_Fv	mapload.promote.log
menusystemdata	GetGhobi__15CMenuSystemDataFi	docs/menusystemdata
mg_camera	GetCameraMatrix__9mgCCameraFPA4_f	mg_camera.promote.log
mg_camera	Iam__15mgCCameraFollowFv	mg_camera.promote.log
mg_camera	Iam__9mgCCameraFv	mg_camera.promote.log
mg_camera	Resume__9mgCCameraFv	mg_camera.promote.log
mg_camera	Step__15mgCCameraFollowFi	mg_camera.promote.log
mg_camera	Step__9mgCCameraFi	mg_camera.promote.log
mg_camera	Suspend__9mgCCameraFv	mg_camera.promote.log
mg_dataset	AddFace__13mgCMDTBuilderFi	mg_dataset.promote.log
mg_dataset	BeginFaces__13mgCMDTBuilderFv	mg_dataset.promote.log
mg_dataset	BeginPrim__13mgCMDTBuilderFii	mg_dataset.promote.log
mg_dataset	Begin__13mgCMDTBuilderFP9mgCMemory	mg_dataset.promote.log
mg_dataset	CopyFrameSub__FP8mgCFrameP9mgCMemoryiPP8mgCFrame	mg_dataset.promote.log
mg_dataset	CopyFrame__FP8mgCFrameP8mgCFrameP9mgCMemoryiPP8mgCFrame	mg_dataset.promote.log
mg_dataset	Copy__9mgCVisualFP9mgCMemory	mg_dataset.promote.log
mg_dataset	CreateBBox__9mgCVisualFPfPfPA4_f	mg_dataset.promote.log
mg_dataset	CreateFrameVisual__FP8mgCFrameP9mgCMemoryP9mgCMemoryP8mgCFrameP13MDTOBJ_HEADERP10MDT_HEADERiP17mgCTextureManagerPUiiPP8mgCFramePA4_A4_f	mg_dataset.promote.log
mg_dataset	CreatePacket__9mgCVisualFP9mgCMemoryP9mgCMemory	mg_dataset.promote.log
mg_dataset	CreateRenderInfoPacket__9mgCVisualFPUiPA4_fP13mgRENDER_INFO	mg_dataset.promote.log
mg_dataset	Draw__12mgCVisualMDTFPA4_fP14mgCDrawManager	mg_dataset.promote.log
mg_dataset	Draw__9mgCVisualFPA4_fP14mgCDrawManager	mg_dataset.promote.log
mg_dataset	Draw__9mgCVisualFPUiPA4_fP14mgCDrawManager	mg_dataset.promote.log
mg_dataset	EndData__13mgCMDTBuilderFv	mg_dataset.promote.log
mg_dataset	EndFaces__13mgCMDTBuilderFv	mg_dataset.promote.log
mg_dataset	EndPrim__13mgCMDTBuilderFv	mg_dataset.promote.log
mg_dataset	End__13mgCMDTBuilderFP8mgCFrameP12mgCVisualMDTP10mgLoadData	mg_dataset.promote.log
mg_dataset	End__13mgCMDTBuilderFv	mg_dataset.promote.log
mg_dataset	GetMaterialNum__12mgCVisualMDTFv	mg_dataset.promote.log
mg_dataset	GetMaterialNum__9mgCVisualFv	mg_dataset.promote.log
mg_dataset	GetMaterial__9mgCVisualFi	mg_dataset.promote.log
mg_dataset	GetpMaterial__12mgCVisualMDTFv	mg_dataset.promote.log
mg_dataset	GetpMaterial__9mgCVisualFv	mg_dataset.promote.log
mg_dataset	Iam__12mgCVisualMDTFv	mg_dataset.promote.log
mg_dataset	Iam__9mgCVisualFv	mg_dataset.promote.log
mg_dataset	Initialize__15mgCVisualFixMDTFv	mg_dataset.promote.log
mg_dataset	Initialize__9mgCVisualFv	mg_dataset.promote.log
mg_dataset	SearchVisualType__FP18mgCreateVisualTypePc	mg_dataset.promote.log
mg_dataset	SetData__13mgCMDTBuilderFPf	mg_dataset.promote.log
mg_dataset	SetData__13mgCMDTBuilderFffff	mg_dataset.promote.log
mg_dataset	SetMaterial__13mgCMDTBuilderFPfPc	mg_dataset.promote.log
mg_dataset	SetVisual__8mgCFrameFP9mgCVisual	mg_dataset.promote.log
mg_dataset	conv_new_text__FPcPc	mg_dataset.promote.log
mg_dataset	htoi__FPc	mg_dataset.promote.log
mg_dataset	mgCopyFrame__FP8mgCFrameP9mgCMemoryi	mg_dataset.promote.log
mg_dataset	mgCreateBBoxSphere__FPfPfPfPA4_fi	mg_dataset.promote.log
mg_dataset	mgLoadMDSFile__FP10MDS_HEADERP9mgCMemoryP18mgCreateVisualTypeP17mgCTextureManager	mg_dataset.promote.log
mg_dataset	mgLoadMDSFile__FP10mgLoadData	mg_dataset.promote.log
mg_dataset	mgSetFrameAttr__FP8mgCFramei	mg_dataset.promote.log
mg_drawenv	GetAlphaMacroID__10mgCDrawEnvFv	mg_drawenv.promote.log
mg_drawenv	GetPlight__13mgRENDER_INFOFiP13mgPOINT_LIGHT	mg_drawenv.promote.log
mg_drawenv	SetAlpha__10mgCDrawEnvFi	mg_drawenv.promote.log
mg_drawenv	SetFogParam__13mgRENDER_INFOFffUcUcUcff	mg_drawenv.promote.log
mg_drawenv	SetLight__13mgRENDER_INFOFiPfPf	mg_drawenv.promote.log
mg_drawenv	SetPlight__13mgRENDER_INFOFiP13mgPOINT_LIGHT	mg_drawenv.promote.log
mg_drawenv	SetRenderInfo__13mgRENDER_INFOFfiiffif	mg_drawenv.promote.log
mg_drawenv	__as__10mgCDrawEnvFR10mgCDrawEnv	mg_drawenv.promote.log
mg_drawenv	__as__9mgVu0FBOXFR9mgVu0FBOX	mg_drawenv.promote.log
mg_drawprim	AddPacket__14mgCDrawManagerFiP1P1i	mg_drawprim.promote.log
mg_drawprim	Begin2__11mgCDrawPrimFv	mg_drawprim.promote.log
mg_drawprim	BeginDma__11mgCDrawPrimFv	mg_drawprim.promote.log
mg_drawprim	BeginDraw__14mgCDrawManagerFP9mgCMemoryPi	mg_drawprim.promote.log
mg_drawprim	BeginPrim2__11mgCDrawPrimFiUiUii	mg_drawprim.promote.log
mg_drawprim	Begin__11mgCDrawPrimFi	mg_drawprim.promote.log
mg_drawprim	ClearTable__14mgCDrawManagerFv	mg_drawprim.promote.log
mg_drawprim	Color__11mgCDrawPrimFPf	mg_drawprim.promote.log
mg_drawprim	Color__11mgCDrawPrimFiiii	mg_drawprim.promote.log
mg_drawprim	Data0__11mgCDrawPrimFPf	mg_drawprim.promote.log
mg_drawprim	Data4__11mgCDrawPrimFPf	mg_drawprim.promote.log
mg_drawprim	Data__11mgCDrawPrimFPi	mg_drawprim.promote.log
mg_drawprim	DepthTestEnable__11mgCDrawPrimFi	mg_drawprim.promote.log
mg_drawprim	DepthTest__11mgCDrawPrimFi	mg_drawprim.promote.log
mg_drawprim	DirectData__11mgCDrawPrimFi	mg_drawprim.promote.log
mg_drawprim	Draw__14mgCDrawManagerFiP13sceVif1Packet	mg_drawprim.promote.log
mg_drawprim	EndDraw__14mgCDrawManagerFP13sceVif1Packet	mg_drawprim.promote.log
mg_drawprim	EndPrim2__11mgCDrawPrimFv	mg_drawprim.promote.log
mg_drawprim	PreEndDraw__14mgCDrawManagerFv	mg_drawprim.promote.log
mg_drawprim	ReloadTexture__14mgCDrawManagerFiP13sceVif1Packet	mg_drawprim.promote.log
mg_drawprim	SetSortTable__14mgCDrawManagerFi	mg_drawprim.promote.log
mg_drawprim	Texture__11mgCDrawPrimFP10mgCTexture	mg_drawprim.promote.log
mg_drawprim	Vertex4__11mgCDrawPrimFiii	mg_drawprim.promote.log
mg_drawprim	Vertex__11mgCDrawPrimFPf	mg_drawprim.promote.log
mg_drawprim	__ct__14mgCDrawManagerFv	mg_drawprim.promote.log
mg_frame	ClearChildFlag__8mgCFrameFv	mg_frame.promote.log
mg_frame	GetBBoardMatrix__8mgCFrameFiPA4_fP13mgRENDER_INFO	mg_frame.promote.log
mg_frame	GetFrameNum__8mgCFrameFv	mg_frame.promote.log
mg_frame	GetFrame__8mgCFrameFi	mg_frame.promote.log
mg_frame	GetLWMatrixTopBottom__8mgCFrameFPA4_f	mg_frame.promote.log
mg_frame	GetLWMatrix__8mgCFrameFPA4_f	mg_frame.promote.log
mg_frame	GetLocalMatrix__8mgCFrameFPA4_f	mg_frame.promote.log
mg_frame	GetWorldBBox__8mgCFrameFP9mgVu0FBOX	mg_frame.promote.log
mg_frame	Initialize__12mgCFrameAttrFv	mg_frame.promote.log
mg_frame	Initialize__12mgCFrameBaseFv	mg_frame.promote.log
mg_frame	Initialize__8mgCFrameFv	mg_frame.promote.log
mg_frame	QuatToMat__FPfPA4_f	mg_frame.promote.log
mg_frame	RemakeBBox__8mgCFrameFPfPf	mg_frame.promote.log
mg_frame	SearchFrameID__8mgCFrameFPc	mg_frame.promote.log
mg_frame	SearchFrame__8mgCFrameFPc	mg_frame.promote.log
mg_frame	SetBBox__8mgCFrameFPfPf	mg_frame.promote.log
mg_frame	SetBrother__8mgCFrameFP8mgCFrame	mg_frame.promote.log
mg_frame	SetChild__8mgCFrameFP8mgCFrame	mg_frame.promote.log
mg_frame	SetPosition__9mgCObjectFPf	mg_frame.promote.log
mg_frame	SetTransMatrix__8mgCFrameFPf	mg_frame.promote.log
mg_frame	StrCmp__FPcPc	mg_frame.promote.log
mg_frame	__ct__8mgCFrameFv	mg_frame.promote.log
mg_frame	mgFrameNameComp__FPcPc	mg_frame.promote.log
mg_frame	mgInsideScreen__FPA4_fPA4_fPfPf	mg_frame.promote.log
mg_frame	test1__FPA4_fPA4_fPA4_fPfPf	mg_frame.promote.log
mg_frame	test2__FPfPf	mg_frame.promote.log
mg_math	Check_Point_Poly3__Fffffffff	mg_math.promote.log
mg_math	mgApplyMatrixN_MaxMin__FPA4_fPA4_fPA4_fiPfPf	mg_math.promote.log
mg_math	mgApplyMatrixN__FPA4_fPA4_fPA4_fi	mg_math.promote.log
mg_math	mgCreateMatrixPY__FPA4_fPff	mg_math.promote.log
mg_math	mgDistLinePoint__FPfPfPfPf	mg_math.promote.log
mg_math	mgIntersectionSphereLine0__FfPfPfPA4_f	mg_math.promote.log
mg_math	mgShadowMatrix__FPA4_fPfPfPf	mg_math.promote.log
mg_math	mgVectorMinMaxN__FPfPfPA4_fi	mg_math.promote.log
mg_memory	Alloc__9mgCMemoryFi	mg_memory.promote.log
mg_memory	EndStackMode__9mgCMemoryFv	mg_memory.promote.log
mg_memory	SetHeapMem__9mgCMemoryFP1i	mg_memory.promote.log
mg_memory	StartStackMode__9mgCMemoryFii	mg_memory.promote.log
mg_memory	mgCopyString__FPcP9mgCMemory	mg_memory.promote.log
mg_memory	stAlloc__9mgCMemoryFi	mg_memory.promote.log
mg_shadow	CreateFacePacket__12mgCShadowMDTFPUiP7mgCFace	mg_shadow.promote.log
mg_shadow	CreateFace__12mgCShadowMDTFP8FACES_IDP9mgCMemoryP9mgCMemoryPP7mgCFace	mg_shadow.promote.log
mg_shadow	CreatePacket__12mgCShadowMDTFP14mgCDrawManager	mg_shadow.promote.log
mg_shadow	CreateRenderInfoPacket__12mgCShadowMDTFPUiPA4_fP13mgRENDER_INFO	mg_shadow.promote.log
mg_shadow	DataAssignMDT__12mgCShadowMDTFP10MDT_HEADERP9mgCMemoryP17mgCTextureManager	mg_shadow.promote.log
mg_shadow	SetShadowData__FPUiPA4_f	mg_shadow.promote.log
mg_sprite	BeginCPSprite__11mgC3DSpriteFv	mg_sprite.promote.log
mg_sprite	BeginCreatePacket__11mgC3DSpriteFiP14mgCDrawManager	mg_sprite.promote.log
mg_sprite	CPSetDrawEnv__11mgC3DSpriteFP10mgCDrawEnv	mg_sprite.promote.log
mg_sprite	CPSetSprite__11mgC3DSpriteFPfPfPfPfPf	mg_sprite.promote.log
mg_sprite	CPSetTexture__11mgC3DSpriteFP10mgCTexture	mg_sprite.promote.log
mg_sprite	CreatePacket__9mgCSpriteFP14mgCDrawManager	mg_sprite.promote.log
mg_sprite	CreateRenderInfoPacket__11mgC3DSpriteFPUiPA4_fP13mgRENDER_INFO	mg_sprite.promote.log
mg_sprite	Draw__11mgC3DSpriteFPA4_fP14mgCDrawManager	mg_sprite.promote.log
mg_sprite	Draw__11mgC3DSpriteFPUiPA4_fP14mgCDrawManager	mg_sprite.promote.log
mg_sprite	Draw__9mgCSpriteFPA4_fP14mgCDrawManager	mg_sprite.promote.log
mg_sprite	Draw__9mgCSpriteFPUiPA4_fP14mgCDrawManager	mg_sprite.promote.log
mg_sprite	EndCPSprite__11mgC3DSpriteFv	mg_sprite.promote.log
mg_sprite	EndCreatePacket__11mgC3DSpriteFv	mg_sprite.promote.log
mg_sprite	Iam__13mgCVisualPrimFv	mg_sprite.promote.log
mg_sprite	Initialize__11mgC3DSpriteFv	mg_sprite.promote.log
mg_sprite	Initialize__9mgCSpriteFv	mg_sprite.promote.log
mg_sprite	SetColor__9mgCSpriteFiiii	mg_sprite.promote.log
mg_tanime	DeleteGroup__15mgCTextureAnimeFi	mg_tanime.promote.log
mg_tanime	DisableAll__15mgCTextureAnimeFv	mg_tanime.promote.log
mg_tanime	Disable__15mgCTextureAnimeFi	mg_tanime.promote.log
mg_tanime	Enable__15mgCTextureAnimeFi	mg_tanime.promote.log
mg_tanime	EnterTexAnime__15mgCTextureAnimeFP15mgCTexAnimeDataP9mgCMemory	mg_tanime.promote.log
mg_tanime	GetAnimeList__15mgCTextureAnimeFi	mg_tanime.promote.log
mg_tanime	GetEmptyGroup__15mgCTextureAnimeFv	mg_tanime.promote.log
mg_tanime	Initialize__15mgCTexAnimeDataFv	mg_tanime.promote.log
mg_tanime	Initialize__15mgCTextureAnimeFv	mg_tanime.promote.log
mg_tanime	Initialize__24CList_15mgCTexAnimeData_Fv	mg_tanime.promote.log
mg_tanime	LoadCFGFile__17mgCTextureManagerFPciP9mgCMemoryP15mgCTextureAnime	mg_tanime.promote.log
mg_tanime	NewTexAnimeData__15mgCTextureAnimeFP9mgCMemory	mg_tanime.promote.log
mg_tanime	NewTexAnimeGroupData__15mgCTextureAnimeFiP9mgCMemory	mg_tanime.promote.log
mg_tanime	SearchGroupName__15mgCTextureAnimeFPc	mg_tanime.promote.log
mg_tanime	SetGroupName__15mgCTextureAnimeFiPc	mg_tanime.promote.log
mg_tanime	Set__9mgRect_i_Fiiii	mg_tanime.promote.log
mg_tanime	TexAnime__15mgCTextureAnimeFiP13sceVif1Packet	mg_tanime.promote.log
mg_tanime	__ct__15mgCTexAnimeDataFv	mg_tanime.promote.log
mg_tanime	__ct__15mgCTextureAnimeFv	mg_tanime.promote.log
mg_tanime	texALPHA_BLEND__FP9SPI_STACKi	mg_tanime.promote.log
mg_tanime	texALPHA_TEST__FP9SPI_STACKi	mg_tanime.promote.log
mg_tanime	texBUG_PATCH__FP9SPI_STACKi	mg_tanime.promote.log
mg_tanime	texCLUT_COPY__FP9SPI_STACKi	mg_tanime.promote.log
mg_tanime	texCOLOR__FP9SPI_STACKi	mg_tanime.promote.log
mg_tanime	texDEST_TEX__FP9SPI_STACKi	mg_tanime.promote.log
mg_tanime	texSCROLL__FP9SPI_STACKi	mg_tanime.promote.log
mg_tanime	texSRC_TEX__FP9SPI_STACKi	mg_tanime.promote.log
mg_tanime	texTEX_ANIME_DATA_END__FP9SPI_STACKi	mg_tanime.promote.log
mg_tanime	texTEX_ANIME_DATA__FP9SPI_STACKi	mg_tanime.promote.log
mg_tanime	texTEX_ANIME_END__FP9SPI_STACKi	mg_tanime.promote.log
mg_tanime	texTEX_ANIME__FP9SPI_STACKi	mg_tanime.promote.log
mg_tanime	texWAIT__FP9SPI_STACKi	mg_tanime.promote.log
mg_texture	AddHash__17mgCTextureManagerFP10mgCTexture	mg_texture.promote.log
mg_texture	Add__15mgCTextureBlockFP10mgCTexture	mg_texture.promote.log
mg_texture	Bilinear__10mgCTextureFi	mg_texture.promote.log
mg_texture	BlockConv32to8__FPUcPUc	mg_texture.promote.log
mg_texture	CheckCopyToZBufVram__FP10mgCTexturePi	mg_texture.promote.log
mg_texture	Conv32To8__FiiPUc	mg_texture.promote.log
mg_texture	DelHash__17mgCTextureManagerFP10mgCTexture	mg_texture.promote.log
mg_texture	DeleteBlock__17mgCTextureManagerFi	mg_texture.promote.log
mg_texture	DeleteTexAnimeGroup__17mgCTextureManagerFii	mg_texture.promote.log
mg_texture	DeleteTexAnime__17mgCTextureManagerFi	mg_texture.promote.log
mg_texture	DeleteTexture__17mgCTextureManagerFP10mgCTexture	mg_texture.promote.log
mg_texture	DeleteTexture__17mgCTextureManagerFPci	mg_texture.promote.log
mg_texture	Delete__15mgCTextureBlockFP10mgCTexture	mg_texture.promote.log
mg_texture	EndEnterTexture__17mgCTextureManagerFi	mg_texture.promote.log
mg_texture	EnterIMGFile__17mgCTextureManagerFPUciP9mgCMemoryP15mgCEnterIMGInfo	mg_texture.promote.log
mg_texture	EnterTexture__17mgCTextureManagerFiPcP8TM2_headii	mg_texture.promote.log
mg_texture	EnterTexture__17mgCTextureManagerFiPcPP1iiiP1Uli	mg_texture.promote.log
mg_texture	GetGroupNameList__17mgCTextureManagerFiPi	mg_texture.promote.log
mg_texture	GetIMGVersion__FPc	mg_texture.promote.log
mg_texture	GetRemainVRAM__17mgCTextureManagerFi	mg_texture.promote.log
mg_texture	GetTexAnime__17mgCTextureManagerFi	mg_texture.promote.log
mg_texture	GetTextureBlock__17mgCTextureManagerFi	mg_texture.promote.log
mg_texture	GetTexture__17mgCTextureManagerFPci	mg_texture.promote.log
mg_texture	GetZBufVram__FPi	mg_texture.promote.log
mg_texture	Initialize__10mgCTextureFv	mg_texture.promote.log
mg_texture	Initialize__15mgCTextureBlockFv	mg_texture.promote.log
mg_texture	Initialize__17mgCTextureManagerFii	mg_texture.promote.log
mg_texture	PageConv32to8__FiiPUcPUc	mg_texture.promote.log
mg_texture	ReloadCLUT__17mgCTextureManagerFP10mgCTextureP13sceVif1Packet	mg_texture.promote.log
mg_texture	ReloadCLUT__17mgCTextureManagerFP10mgCTexturePUi	mg_texture.promote.log
mg_texture	ReloadTexture__17mgCTextureManagerFiP13sceVif1Packet	mg_texture.promote.log
mg_texture	ReloadTexture__17mgCTextureManagerFiPUi	mg_texture.promote.log
mg_texture	SearchHash__17mgCTextureManagerFPci	mg_texture.promote.log
mg_texture	SearchTextureName__17mgCTextureManagerFPci	mg_texture.promote.log
mg_texture	SearchTexture__17mgCTextureManagerFPc	mg_texture.promote.log
mg_texture	SetTableBuffer__17mgCTextureManagerFiiP9mgCMemory	mg_texture.promote.log
mg_texture	SetTexFlush_TagCnt__FPUi	mg_texture.promote.log
mg_texture	TexAnimeAllOff__17mgCTextureManagerFi	mg_texture.promote.log
mg_texture	TexAnimeOff__17mgCTextureManagerFiPc	mg_texture.promote.log
mg_texture	TexAnimeOn__17mgCTextureManagerFiPc	mg_texture.promote.log
mg_texture	__as__9sceGsTex0FRC9sceGsTex0	mg_texture.promote.log
mg_texture	__ct__10mgCTextureFv	mg_texture.promote.log
mg_texture	__ct__15mgCTextureBlockFv	mg_texture.promote.log
mg_texture	__ct__17mgCTextureManagerFv	mg_texture.promote.log
mg_texture	hash__17mgCTextureManagerFPc	mg_texture.promote.log
mg_texture	mgGetIMGHeaderNum__FPc	mg_texture.promote.log
mg_texture	mgGetIMGHeader__FPci	mg_texture.promote.log
mg_texture	mgLoadImage__FPUiiiiP1iiiii	mg_texture.promote.log
npccfg	_NPC_NUM__FP9SPI_STACKi	docs/npccfg
padcontrol	RegisterBtn__11CPadControlFiii	docs/padcontrol
padcontrol	Update__11CPadControlFP8CGamePad	docs/padcontrol
password	ConvLongToTxt__FUlPc	password.promote.log
password	ConvTxtToLong__FPcPUl	password.promote.log
password	ConvertBinToTxt__FPUciPc	password.promote.log
password	ConvertTxtToBin__FPcPUc	password.promote.log
password	DecodeBinData__FPUciPUci	password.promote.log
password	DecodePassword__FPcPUciPUci	password.promote.log
password	EncodeBinData__FPUciPUci	password.promote.log
password	EncodePassword__FPUciPUciPci	password.promote.log
password	GetCRC__FPUci	password.promote.log
password	random__Fv	password.promote.log
password	search_txt__Fc	password.promote.log
scriptinterpreter	CheckChar__Fc	scriptinterpreter.promote.log
scriptinterpreter	GetArgBin__18CScriptInterpreterFv	scriptinterpreter.promote.log
scriptinterpreter	GetArg__18CScriptInterpreterFv	scriptinterpreter.promote.log
scriptinterpreter	GetLine__9input_strFPciPc	scriptinterpreter.promote.log
scriptinterpreter	GetNextTAG__18CScriptInterpreterFi	scriptinterpreter.promote.log
scriptinterpreter	PreProcess__FR9input_str	scriptinterpreter.promote.log
scriptinterpreter	PushStack__18CScriptInterpreterF9SPI_STACK	scriptinterpreter.promote.log
scriptinterpreter	SearchCommand__18CScriptInterpreterFPi	scriptinterpreter.promote.log
scriptinterpreter	SetStack__18CScriptInterpreterFP9SPI_STACKi	scriptinterpreter.promote.log
scriptinterpreter	SetStringBuff__18CScriptInterpreterFPci	scriptinterpreter.promote.log
scriptinterpreter	SetTag__18CScriptInterpreterFP13SPI_TAG_PARAM	scriptinterpreter.promote.log
scriptinterpreter	SkipSpace__FR9input_str	scriptinterpreter.promote.log
scriptinterpreter	__as__9SPI_STACKFRC9SPI_STACK	scriptinterpreter.promote.log
scriptinterpreter	__ct__18CScriptInterpreterFv	scriptinterpreter.promote.log
scriptinterpreter	__ct__9input_strFv	scriptinterpreter.promote.log
scriptinterpreter	back__9input_strFv	scriptinterpreter.promote.log
scriptinterpreter	get__9input_strFPi	scriptinterpreter.promote.log
scriptinterpreter	spiGetStackString__FP9SPI_STACK	scriptinterpreter.promote.log
scriptinterpreter	spiGetStackVector__FPfP9SPI_STACK	scriptinterpreter.promote.log
ezbgm	ezBgm__Fii	checker
ezbgm	ezBgmInit__Fv	checker
savedatadungeon	GetFloorInfoPtr__16CSaveDataDungeonFii	docs/savedatadungeon
savedatadungeon	Initialize__16CSaveDataDungeonFv	docs/savedatadungeon
map	Draw__7CObjectFv	docs/map
npccfg	GetPartyCharaModelName__Fii	checker
npccfg	GetPartyCharaMessage__Fiii	checker
npccfg	_NPC_INFO__FP9SPI_STACKi	checker
npccfg	LoadNPCCfg__Fv	checker
mainloop3	InitHDDMenu__FP1	checker
outline	Initialize__12COutLineDrawFv	checker
editexception	StepGeyserEffect__FP6CScene	checker
editexception	GetEmpty__13CGeyserEffectFv	checker
editexception	Step__13CGeyserEffectFv	checker
editexception	StepFirePowder__FP6CScene	checker
editexception	InitS51Thunder__Fv	checker
editexception	InitNpcCameraReaction__Fv	checker
editexception	CreatePoint__13CGeyserEffectFv	checker
editexception	Create__13CGeyserEffectFv	checker
editexception	__ct__13CGeyserEffectFv	checker
screeneffect	LensFlare__FPiPfiPcPc	checker
screeneffect	DepthOfField__FiPfP10mgCTexturef	checker
movie	GetReadBufSize__6CMovieFv	checker
movie	GetViBufDataSize__6CMovieFv	checker
movie	GetVoBufDataSize__6CMovieFv	checker
memcard	GetFuncNo__18CMemoryCardManagerFv	checker
savedata	GetBitCtrl__9CSaveDataFv	checker
gyoracesim	RndFishParam__FP15RACE_FISH_PARAM	checker
helpmes	__sinit_helpmes_cpp	checker
helpmes	ShowErrorHelpMes__Fii	checker
helpmes	ShowHelpMes__Fii	checker
helpmes	DrawHelpMes__Fv	checker
helpmes	StepHelpMes__Fv	checker
helpmes	CreateHelpMes__Fi	checker
helpmes	LoadHelpMes__FP1	checker
gyoracesim	irnd__Fv	checker
gyoracesim	init_rnd__FUi	checker
gyoracesim	irn55__Fv	checker
gyoracesim	SetRaceFishParam__FP15RACE_FISH_PARAMP11grRACE_INFO	checker
gyoracesim	CharacterBonus__FP12grFISH_PARAMP15RACE_FISH_PARAMi	checker
gyoracesim	FishModifyParam__FP12grFISH_PARAMPff	checker
gyoracesim	GetCourseR__Fff	checker
gyoracesim	GetRaceDivisionLength__Fi	checker
gyoracesim	StepGyoRace__FP15RACE_FISH_PARAMP11grRACE_INFO	checker
gyoracesim	CollisionFish__FP15RACE_FISH_PARAMi	checker
gyoracesim	LaneBattleStep__FP15RACE_FISH_PARAMi	checker
gyoracesim	StepFish__FiP15RACE_FISH_PARAM	checker
gyoracesim	grGetFishProgress__FP11grRACE_INFOifP15grRACE_PROGRESS	checker
gyoracesim	grGyoRaceSimulate__FP11grRACE_INFO	checker
sysmes	__sinit_sysmes_cpp	checker
sysmes	CreateSystemMes__Fii	checker
sysmes	GetSysMesBuffer__Fv	checker
sysmes	GetSystemMesBuffer__Fv	checker
sysmes	LoadSystemMes__Fv	checker
sysmes	GetSystemMessage__Fi	checker
sysmes	GetSystemMessage__Fv	checker
editcoll	ClipBoxXZ__FPfPfPfPf	checker
editcoll	OverlapPoly3XZ__14CEditCollisionFPA4_fPfP9mgVu0FBOX	checker
editcoll	ApplyMatrix__14CEditCollisionFPA4_f	checker
character	SetPosition__11CCharacter2FPf	checker
character	Draw__11CCharacter2Fv	checker
character	SetDeformMesh__11CCharacter2Fv	checker
character	DrawStep__11CCharacter2Fv	checker
character	GetCameraDist__11CCharacter2Fv	checker
character	DrawShadowDirect__11CCharacter2Fv	checker
character	UpdatePosition__11CCharacter2Fv	checker
character	ResetDAPosition__11CCharacter2Fv	checker
character	GetDefaultStep__11CCharacter2Fv	checker
character	SetStep__11CCharacter2Ff	checker
character	ResetMotion__11CCharacter2Fv	checker
character	GetChgStepWait__11CCharacter2Fv	checker
character	SetMotion__11CCharacter2Fii	checker
character	SetMotion__11CCharacter2FPci	checker
character	SetDAnimeEnable__11CCharacter2Fi	checker
character	CheckFootEffect__11CCharacter2Fv	checker
character	SetWind__11CCharacter2FfPf	checker
character	ResetWind__11CCharacter2Fv	checker
character	SetFloor__11CCharacter2Ff	checker
character	ResetFloor__11CCharacter2Fv	checker
character	LoadSkin__11CCharacter2FPUiPcPcP9mgCMemoryi	checker
character	LoadPack__11CCharacter2FPUiPcP9mgCMemoryP9mgCMemoryP9mgCMemoryiP11CCharacter2	checker
character	LoadPackNoLine__11CCharacter2FPUiPcP9mgCMemoryP9mgCMemoryP9mgCMemoryiP11CCharacter2	checker
character	LoadChrFile__11CCharacter2FPUiPcP9mgCMemoryP9mgCMemoryP9mgCMemoryiP11CCharacter2i	checker
character	_V2__FP9SPI_STACKi	checker
character	_NAME__FP9SPI_STACKi	checker
character	_BODY_SIZE__FP9SPI_STACKi	checker
character	_SCALE__FP9SPI_STACKi	checker
character	_MATERIAL_ANIME__FP9SPI_STACKi	checker
character	_POLY_NUM__FP9SPI_STACKi	checker
character	_IMG__FP9SPI_STACKi	checker
character	_SHADOW_MOTION__FP9SPI_STACKi	checker
character	_VERTEX_ANIME__FP9SPI_STACKi	checker
character	_SHAPE_ANIME__FP9SPI_STACKi	checker
character	_KEY_START__FP9SPI_STACKi	checker
character	_KEY__FP9SPI_STACKi	checker
character	_KEY_END__FP9SPI_STACKi	checker
character	_SEQ__FP9SPI_STACKi	checker
character	_SEQ_END__FP9SPI_STACKi	checker
character	__ct__13CDynamicAnimeFv	checker
character	_CLOTH_END__FP9SPI_STACKi	checker
character	_POSITION__FP9SPI_STACKi	checker
character	_ROTATION__FP9SPI_STACKi	checker
character	_SE__FP9SPI_STACKi	checker
character	_SE_END__FP9SPI_STACKi	checker
character	_MOTION_END__FP9SPI_STACKi	checker
character	_EFFECT_START__FP9SPI_STACKi	checker
character	_EFFECT_END__FP9SPI_STACKi	checker
character	InitEffect__11CCharacter2Fv	checker
character	StepEffect__11CCharacter2Fv	checker
character	ScanInfoSkinFile__FP11CCharacter2PUiPcPcP9mgCMemoryi	checker
character	_SKIN_IMG__FP9SPI_STACKi	checker
character	_SKIN_IMG_END__FP9SPI_STACKi	checker
character	_SKIN_MODEL__FP9SPI_STACKi	checker
character	__ct__9CCharaLODFv	checker
character	_LOD_MODEL_END__FP9SPI_STACKi	checker
