# start	end	tu_name	name_source	confidence	evidence
12c2c0	12f840	mg_texture	invented	high	locals run 1214-1232 (GetZBufVram..Conv32To8 statics); mgCTexture/Block/Manager; next fn mgFotI4 starts math. dc1 name: texture
12f840	131790	mg_math	invented	med	locals sin_table_num/SinTable/Check_Point_Poly3/MulMatrix3; mg* vector/matrix free fns. Split from camera only by purpose (dc1 has separate mathutil/camera); no local/@N evidence either way
131790	1321e0	mg_camera	invented	med	mgCCamera+mgCCameraFollow, no locals. Iam/Suspend/Resume__9mgCCamera vague bodies emitted after CameraFollow => camera and camerafollow are ONE TU; ends after vague block
1321e0	134a20	mg_dataset	invented	high	locals conv_new_text/htoi/CreateFrameVisual/CopyFrame; mgLoadMDSFile, mgCMDTBuilder; @N bss drop 933->369 at next TU; ends after mgCVisual vague block. dc1 equiv: dataset
134a20	136160	mg_drawprim	invented	med	mgCDrawPrim+mgCDrawManager; local bss @369 (Vertex fff); @N 369 -> 324 drop into mg_frame. End ambiguous: mgCFrameAttr (136160-136220) could belong here instead of mg_frame
136160	138ee0	mg_frame	sinit	high	__sinit_mg_frame.cpp; statics QuatToMat/test1/test2/StrCmp; mgCObject, mgCFrame; ends after mgCFrame/mgCObject vague block. Start med (mgCFrameAttr placement)
138ee0	139f20	mg_drawenv	invented	high	mgCDrawEnv+mgRENDER_INFO; local @184; @N drops 1119->184 (in) and 184->166 (out)
139f20	13a580	mg_memory	invented	high	MG_ADDRESS_CHECK, operator new, mgCMemory, mgCopyString; locals @166,@238,@288 (two runs merged, monotone)
13a580	13b2e0	mg_shadow	invented	high	static SetShadowData + mgCShadowMDT; @N bss 353->199 drop at next TU
13b2e0	13c340	mg_sprite	invented	high	mgC3DSprite+mgCSprite; ends after vague Draw/Iam block; vtables reversed-order consistent
13c340	13ea20	mg_tanime	sinit	high	__sinit_mg_tanime.cpp; mgCTexAnimeData/mgCTextureAnime + tex* script statics; weak Set__9mgRect<i> first used by TexAnime kept here
13ea20	141850	mg_visual	invented	high	GetScrPad/SendDMA/mgSetPkTEX0, mgCVisualMDT/FixMDT/Prim/Attr, statics SetData0-7/SetDrawEnv; ends after vague block; @N 873->769 drop at start
141850	1466d0	mglib	sinit	high	__sinit_mglib.cpp; mgInit/mgBeginFrame/...; ends after vague __ct__9mgCMemory
1466d0	147890	scriptinterpreter	dc1	high	input_str::GetLine (@165) + spiGetStack* + CScriptInterpreter + statics SkipSpace/CheckChar/PreProcess; @N 1569->165 drop at start; 5 VU objects follow in link order
147890	148a90	collision	invented	high	CCollision/CCollisionMDT/CColFrame, statics pre_trance_normal/trance_normal, LoadCollisionFile, CreateCollisionMDT; CCollisionMDT vague virtuals emitted at TU end + vtable order (CColFrame,CCollisionMDT,CCollision reversed) => one TU. dc1 equiv: collisionmdt
148a90	14a650	dataread	dc1	med	file I/O (ChangeDir, LoadFileBG, LoadFile2, file cache, statics SearchFile/GetDevType/CDRead); GetPackFile*/DivPathName tail (14a190-14a650) has no locals - placed here because dc1 dataread holds LoadFile2+GetPackFile
14a650	14bd00	gamepad	dc1	high	CGamePad + statics pad_button_read/read_pad/AxisCalibration/GamePadStep; @N 845->248 drop at start
14bd00	151910	gameutil	dc1	low	statics QuatSlerp/testVUnew/SetKeyFrame, MotionProc*, AnimeData*, then local-less CheckHit*/MoveCheck/CheckWidth*/LinerInterpolation/RollPos/Calc* (dc1 gameutil has same set). End boundary uncertain anywhere in 14df30..151cb0; chose before MySetPrim
151910	15d470	nd_meswin	sinit	med	__sinit_nd_meswin.cpp; ClsMes; set2DSprite refs @1124; _set2DSprite uses MesAbsDrawOff (sbss 37cf74 just after gameutil sbss). Start (MySetPrim/set2DSpriteEasy/_set2DSprite) low; end high (@N 4637->846 drop)
15d470	15d830	main	dc1	med	statics VSyncCallBack/ClearScreen/init + main; own R/SB locals; @N drops in/out. Name dc1/invented (no sinit). 1 VU object follows in link order
15d830	162080	map	dc1	high	CMapFlagData + CPartsGroup + CMap; ends after CMap/CObject vague block; @N 2008->438 drop to next
162080	166250	mapload	invented	med	map time/lighting (GetTimeBand.., GetSunPoint) + map*/cfg* script statics + LoadMapFile/LoadCfgFile; end ambiguous (CCameraInfo/CMapInfo accessors 166250-1664a0 could be here)
166250	167660	mapinfo	invented	med	CCameraInfo::Initialize, CMapInfo accessors, map* statics (mapIMG..), LoadMapInfo/AddMapInfo/OutputLightData; @N 1544->704 drop at statics; start low-med
167660	169930	mapparts	dc1	high	CMapParts, CMapTreasureBox, CCharacter2 vague inlines (one with local @244 in D 338d60, @N low => new TU); vtable order CMapTreasureBox,CList<CObjAnime>,CMapParts precedes CMdsInfo,CMapPiece => CMapPiece is next TU
169930	16ae00	mdslist	invented	med	CMapPiece, CMdsInfo, CMdsListSet, CMdsList, CIMGList, pcp* statics, LoadPCPFile, static CreateChara; vtable order => separate from mapparts and from object
16ae00	16b550	object	dc1	med	CObject + CObjectFrame, no locals; vtable order (CObjectFrame before CObject, reversed) => one TU, after CMapPiece/CMdsInfo TU and before CActionChara TU. dc1 had object+objectframe split
16b550	1741f0	actionchara	invented	high	CActionChara (+static RockOn_TargetSel etc.); ends after vague __as__11CCharacter2; @N 2210->1395 drop next
1741f0	17abd0	character	dc1	high	CCharacter2 + ScanInfoFile/_CLOTH/_LOD_MODEL statics; ends after vague __as__7CObject; @N 1395->855 drop next
17abd0	17d680	dynamicanime	invented	high	CDynamicAnime/CDACollision/CDAColPipe + dyn* statics
17d680	17e280	outline	invented	high	COutLineDraw + statics DrawDivSprite/DrawDivSprite4; @N 1074->299 drop at start, 399->260 at end
17e280	17f760	effectlist	invented	med	CEffectList, CEffectManager::CreatePacket (rest of CEffectManager is in 'effect'), CFadeInOut, statics DivSpriteScreen; @N 589->205 drop at end
17f760	1809e0	screeneffect	invented	low	DepthOfField + LensFlare, each only sbss locals (@205,206 / @283,292 monotone) - may be two TUs
1809e0	1846f0	effect	dc1	high	statics UniformityRand/RegularityRand + CEffect/CEffectCtrl/__XXX__ script statics/CEffectManager; @N 848->387 drop next
1846f0	185710	mapsky	invented	med	CMapSky + LoadSkyPack/_SKY_* statics; end ambiguous (CFireRaster/CThunderEffect::Init 185710-185df0 have no locals)
185710	1874a0	water	dc1	med	CWater/CWaterFrame (runs 72,73 merged: vtable order CWaterFrame,CWater reversed => one TU), CreateWaterFrame, ends after vague Initialize__11CWaterFrame; CFireRaster+CThunderEffect::Init at start placed here with low confidence
1874a0	188090	dbg_font	sinit	high	__sinit_dbg_font.cpp; Sjis statics + dbgCJISFont
188090	189e30	runscript	dc1	high	CRunScript VM + error statics + rsGetStackInt/rsSetStack; @N 420->168 in, 699->218 out
189e30	18c770	sound	dc1	high	CSound + TransHdBd/set_spu; @N 930->33 drop at end
18c770	18c970	ezmidi	invented	med	ezMidiInit/ezMidi/ezTransToIOP2 with @33 + own bss (3f64c0-3f6540); very low @N suggests tiny file
18c970	18da20	snd_seseq	invented	med	statics BigToLittle/GetDeltaTime + sndCSeSeqData/sndCSeSeq/sndTrack; end ambiguous: CLoopSeMngr (18da20-18df60, no locals) could be here
18da20	191df0	snd_mngr	sinit	high	__sinit_snd_mngr.cpp; snd* API, sndPortInfo, statics GetPortInfo/CSndStep/PlaySeSeq...; ends after vague ctors; start med (CLoopSeMngr placement)
191df0	195a00	mainloop	sinit	high	__sinit_mainloop.cpp; Get*/NextLoop/statics InitPadTable, gc* statics; ends after vague __ct__16CUserDataManager/__ct__9CEditData
195a00	197ba0	gamedata	sinit	high	__sinit_gamedata.cpp; GetGameDataPt + CData* ctors + CGameData + item helpers; @N 2085->1048 drop at start, 1501->482 at end; SetPtr__14CItemUseTarget kept here
197ba0	198100	sysmes	sinit	med	__sinit_sysmes.cpp; GetSystemMessage/LoadSystemMes/CreateSystemMes; end ambiguous (GetUserDataMan..CalcBreedFishParam 198100-198330 placed in userdata)
198100	1a3460	userdata	sinit	med	OPEN-END: true end 0x1a3460 (beyond slice end 0x1a0000). __sinit_userdata.cpp; CGameDataUsed, CFishingRecord, CUserDataManager, CBattleCharaInfo, DebugGetItem; @N 5773->251 drop after; start med
# NOTES
# Method: a1/*.py in scratchpad. (1) symtab locals 1214..7926 split at every index where per-section (T,D,R,SD,SB,B,ST,P,VT) prefix-max < suffix-min (finest disjoint cut, 153 runs); (2) every function attributed to runs via own local FUNC symbol + relocations to locals (relocs.txt addresses -0x100000 applied); runs merged when a function touches several runs or address order is non-monotone; (3) adjacent groups tested with @N; (4) leftovers placed by class grouping, vague-linkage blocks and vtable order.
# Heuristic A (@N, verified on mglib/mg_frame): @N numbers referenced by functions increase with function address across ALL sections within a TU (one counter per TU). Large drop to a low number = TU boundary. Small drops (e.g. 908->613 in CSound, 2510->2423 in CActionChara) are reused/pooled string literals, not boundaries.
# Heuristic B (vtables, area 0x37b0a4-0x37c6f0): vtables are laid out in TU order, but WITHIN a TU in REVERSE order of class emission (mgCCameraFollow before mgCCamera, mgCSprite before mgC3DSprite, CColFrame/CCollisionMDT/CCollision, CWaterFrame/CWater...). If two classes' vtables appear in the SAME order as their text, they are in different TUs. Used for mapparts|mdslist|object|actionchara.
# Heuristic C: vague-linkage (13) bodies referenced only from a vtable are emitted at the end of the TU that emits that vtable; directly-called inline bodies are emitted right after their first caller. Dedup keeps the first copy, so a vague body's location identifies the earliest TU needing it.
# Heuristic D: disjoint symtab runs can be false cuts inside one TU when runs are tiny (1-2 locals, or locals in disjoint sections) - e.g. runs 1-4 (mg_math), 5-6, 13-14 (scriptinterpreter), 16-18, 41-42 (water), 64-67. Large runs separated cleanly were always distinct TUs.
# VU objects (no EE text): five VU objects are linked between scriptinterpreter and collision (symtab runs 30-34: .vutext 0x325c80-0x329fc8, .vudata 0x363480-0x363559, locals idx 1413-1733); one VU object between main and map (run 45: .vutext 0x329fd0-0x32a319, idx 1910-1928).
# Uncertain boundaries (alternatives): mg_math|mg_camera may be one TU (0x12f840-0x1321e0); mg_drawprim|mg_frame at 0x136160 or 0x136220; gameutil|nd_meswin anywhere 0x14df30-0x151cb0 (CheckHit*/MoveCheck* block 0x14e310-0x151910 could even be its own local-less TU); mapload|mapinfo at 0x166250/0x166360/0x1664a0; mapsky|water at 0x185710/0x185df0 (CFireRaster maybe own TU); snd_seseq|snd_mngr at 0x18da20 or 0x18df60; sysmes|userdata at 0x198100 or 0x198330; screeneffect may be 2 TUs (0x17f760, 0x17fea0).
# After userdata (other slice): 0x1a3460-0x1a34f0 are 9 empty stubs InitCharaViewerMain/Finish/Loop, InitTextuerViewerMain/.., MapViewInit/Exit/Loop - likely 3 stub TUs (chara viewer, texture viewer, map view); then CWaveTable 0x1a34f0 (@251), CEditCollision 0x1a4050, editctrl (sinit) 0x1a54c0.
# CEffectManager is split: CreatePacket__14CEffectManager (0x17e850) references effectlist locals (@392 B, @393 D) while ctor/Initialize/GetBufferNums reference effect locals.
# Per-TU local data ranges (from local symbols only; globals not included):
#  mg_texture         funcs= 48 groups=[0] locals: B:385ec0-395ec0 D:338080-338230 R:366cb0-366d1c
#  mg_math            funcs= 60 groups=[1] locals: B:395ec0-396ec0 SD:37c700-37c708
#  mg_camera          funcs= 46 groups=[] locals: 
#  mg_dataset         funcs= 41 groups=[2] locals: B:396ec0-396ee0 R:366d20-366d5c SB:37cd84-37cd91
#  mg_drawprim        funcs= 51 groups=[3] locals: B:396ee0-396ef0
#  mg_frame           funcs= 66 groups=[4] locals: B:396ef0-396fd0 D:338230-338240 P:37afe0-37afe4 ST:379680-37968c
#  mg_drawenv         funcs= 28 groups=[5] locals: R:366d60-366d78
#  mg_memory          funcs= 17 groups=[6, 7] locals: R:366d80-366dd8
#  mg_shadow          funcs=  6 groups=[8] locals: B:396fd0-396fe0 D:338240-338260
#  mg_sprite          funcs= 17 groups=[9] locals: B:396fe0-396ff0 D:338260-3382b0
#  mg_tanime          funcs= 32 groups=[10] locals: B:396ff0-397024 D:3382b0-338320 P:37afe4-37afe8 R:366dd8-366eba SB:37cd94-37cdc0 ST:379690-3796b8
#  mg_visual          funcs= 42 groups=[11] locals: D:338320-338440 SB:37cdc0-37cdcc
#  mglib              funcs=100 groups=[12] locals: B:398580-399850 D:338440-338482 P:37afe8-37afec R:366ec0-366efb SB:37ce88-37cf09 SD:37c708-37c714 ST:3796c0-379788
#  scriptinterpreter  funcs= 24 groups=[13, 14] locals: R:366f00-366f3a SD:37c714-37c717
#  collision          funcs= 23 groups=[20] locals: 
#  dataread           funcs= 39 groups=[21] locals: B:399880-3ec390 D:338490-338690 R:366f40-36706a SB:37cf0c-37cf30 SD:37c718-37c71c
#  gamepad            funcs= 50 groups=[22] locals: B:3ec3c0-3ecfc0 R:367070-3670bc SB:37cf30-37cf4c
#  gameutil           funcs= 37 groups=[23] locals: B:3ecfc0-3f0460 R:3670c0-367114 SB:37cf4c-37cf74
#  nd_meswin          funcs= 97 groups=[24] locals: D:338710-338890 P:37afec-37aff0 R:367118-367465 ST:379790-37979c
#  main               funcs=  4 groups=[25] locals: R:367470-3675ec SB:37cf84-37cf88
#  map                funcs= 85 groups=[27] locals: B:3f21d0-3f3060 R:3675f0-36762f SB:37cf88-37cf8d SD:37c71c-37c720
#  mapload            funcs=118 groups=[28] locals: B:3f3060-3f3390 D:338920-338c78 R:367630-367b40 SB:37cf90-37cfd8
#  mapinfo            funcs= 37 groups=[29] locals: D:338c80-338d58 R:367b40-367db4 SB:37cfd8-37cfec
#  mapparts           funcs= 49 groups=[30] locals: D:338d60-338d70
#  mdslist            funcs= 31 groups=[31] locals: D:338d70-338d98 R:367db8-367e1d SB:37cfec-37d00c
#  object             funcs= 16 groups=[] locals: 
#  actionchara        funcs= 73 groups=[32] locals: B:3f3390-3f33a0 D:338da0-338e70 R:367e20-368076 SB:37d00c-37d015
#  character          funcs=102 groups=[33] locals: B:3f33a0-3f3590 D:338e70-338ff0 R:368078-368289 SB:37d018-37d08c
#  dynamicanime       funcs= 67 groups=[34] locals: D:338ff0-3390d0 R:368290-3684c5 SB:37d08c-37d0b0
#  outline            funcs=  6 groups=[35] locals: B:3f3590-3f3600 D:3390d0-3390e0
#  effectlist         funcs= 23 groups=[36] locals: B:3f3600-3f3670 D:3390e0-3390f0 R:3684c8-3684d3 SD:37c720-37c728
#  screeneffect       funcs=  2 groups=[37, 38] locals: SB:37d0b0-37d0d0
#  effect             funcs= 75 groups=[39] locals: B:3f3670-3f3690 D:3390f0-339270 R:3684e0-368791 SB:37d0d0-37d0dc
#  mapsky             funcs= 13 groups=[40] locals: D:339270-3392c0 R:368798-3687ff SB:37d0dc-37d0e8
#  water              funcs= 25 groups=[41, 42] locals: B:3f3690-3f36a0 D:3392c0-3392e0
#  dbg_font           funcs=  9 groups=[43] locals: P:37aff0-37aff4 R:368800-36890e ST:3797a0-3797ac
#  runscript          funcs= 28 groups=[44] locals: R:368910-368dac
#  sound              funcs= 37 groups=[45] locals: B:3f3f50-3f6490 R:368db0-369319 SB:37d0e8-37d105
#  ezmidi             funcs=  3 groups=[46] locals: B:3f64c0-3f6540 R:369320-369337
#  snd_seseq          funcs= 28 groups=[47] locals: R:369338-369366
#  snd_mngr           funcs=103 groups=[48] locals: B:3f6540-3fa5a0 P:37aff4-37aff8 R:369368-36945e SB:37d108-37d138 SD:37c728-37c746 ST:3797b0-379804
#  mainloop           funcs= 61 groups=[49] locals: B:3faf50-1e95c58 D:339370-339818 P:37aff8-37affc R:369460-369b7d SB:37d154-37d1d4 SD:37c750-37c770 ST:379810-379ba0
#  gamedata           funcs= 66 groups=[50] locals: B:1e95c90-1ea0f00 D:339b80-339d70 P:37affc-37b000 R:369b80-369e30 SB:37d1d4-37d1e0 SD:37c770-37c776 ST:379ba0-379c34
#  sysmes             funcs=  7 groups=[51] locals: B:1ea0f30-1ec93c8 P:37b000-37b004 R:369e30-369fc8 ST:379c40-379c84
#  userdata           funcs=275 groups=[52] locals: B:1ec93d0-1ec9494 D:339d70-33a826 P:37b004-37b008 R:369fc8-36a400 SB:37d1f4-37d208 SD:37c778-37c7ae ST:379c90-379c9c
