start_vaddr	end_vaddr	tu_name	name_source	confidence	evidence
28d1d0	28d1f0	filesocket	invented	low	two 8-byte stubs called from LoadFile2/WriteFile; no locals; unrelated to following mg class; could instead head visualmotion
28d1f0	28eb50	visualmotion	invented	high	all mgCVisualMotionMDT methods + static SetData0-7 (symtab run 7970-7983); vtable 0x37c260 first of part B
28eb50	28ed90	ezbgm	invented	high	ezBgmInit/ezBgm/CSound::StreamOpenState ref gCd2/sbuff/@32-54 (run 7984-7990); @N restart 358->32
28ed90	293ec0	dng_event	sinit	high	__sinit_dng_event run 7991-8051; CStartupEpisodeTitle/MessageTaskManager/CRedMarkModel (no locals) placed here: dungeon-main helpers, CRedMarkModel vtable sits after CGeoStone vtable
293ec0	295160	eventsprite	invented	med	single-local run 8052 (@1069, "" used by CEventSprite2::Draw); @N drop 2529->1069; CMarker/CEventSprite* constructed by event_func sinit; Parabolic* (used by scsJump) placed here, start could be 0x294060
295160	29a5d0	menushop	sinit	high	__sinit_menushop run 8053-8193; GetDonyShopLineUp..MenuNPCQuestViewDraw; CMenuQuestView+CShopMenu vtables adjacent
29a5d0	29c470	editriver	invented	high	CEditMap river methods + CEditGrid; runs 8194-8205 data @504-799; @N drop 2470->504
29c470	29fdf0	movie	invented	high	CMovie + static mpeg/vobuf/vibuf/audioDec helpers (run 8206-8326, strings cdrom0/\\MOVIE\\/sceMpeg)
29fdf0	2a02b0	editmapeffect	invented	med	CEditMap::DrawFireEffect/DrawFireRaster/DrawEffect/AnimeStep; run 8327-8330 (fire_wrk, lightling, attr$378, init$379); rodata @N drop 1270->358; end at 0x2a02b0 by class
2a02b0	2a2e70	funcpoint	invented	med	CheckTime..GetLightAnimeWeight: CFuncPoint/CObjAnime/CFuncPointMngr + free DrawFire*; run 8331-8340 sorted wholly after 8327-8330 (separate TU vs editmapeffect); start by CheckTime used by CFuncPoint::Check
2a2e70	2a9270	title	sinit	high	__sinit_title run 8341-8511; title_init_rand..TitleLangSelDraw
2a9270	2a92a0	soundviewer	invented	low	3 x 8-byte stubs Init/Finish/LoopSoundViewerMain in loop table; no locals; same pattern as chara/texture/map viewer stub groups at 0x1a3460; could belong to title or editinfo
2a92a0	2a9ff0	editinfo	invented	high	CEditInfoMngr + static emap* SPI handlers (run 8512-8581, @368-396); CEditMap::GetEvent 0x2a9e50 (no locals) attached here by adjacency (low)
2a9ff0	2accd0	scenesnd	invented	med	CScene BGM/snd methods + GetNumber3/GetLine statics (run 8582-8596, snd2/bgm strings); start at CScene::BGM_INFO::Init (0x2a9ff0) vs CEditMap::GetEvent uncertain
2accd0	2aef10	editdata	sinit	high	__sinit_editdata run 8597-8633; EditAnalyzeDataSrc::Init..__ct__14EditAnalyzeSrcFv (ctor called by __sinit_editdata)
2aef10	2af5b0	menucapt	sinit	high	__sinit_menucapt run 8634-8661; MenuChapterInit/Key/Draw (chap%d.img strings)
2af5b0	2afa60	npccfg	invented	high	static _NPC_NUM/_NPC_INFO, LoadNPCCfg..GetPartyNPCData (run 8662-8678, npc%d.cfg); rodata @N 906->838 drop vs menucapt
2afa60	2b41f0	menumap	sinit	high	__sinit_menumap run 8679-8766; _WMAP_*..SphidaScoreViewDraw
2b41f0	2c4260	menuchr	sinit	high	__sinit_menuchr run 8767-9210; MENU_BGREAD_INFO2 helpers (no locals) at start used mostly by menuchr; weak Set__9mgRect<s> 0x2c4240 at end (used by MenuCharaChangeStarDraw)
2c4260	2cb730	menuop	sinit	high	__sinit_menuop run 9211-9426; InitMenuReturnMsg..SubGameSaveDraw (manual/option/save/subgame save menus)
2cb730	2cc360	movieviewlp	sinit	high	__sinit_movieviewlp run 9427-9465 incl static _MOVIE__FP9SPI_STACKi; MovieViewInit/Exit/Loop
2cc360	2cd390	sceneevent	invented	high	CScene map-info/event/lens-flare/effect methods (run 9466-9471, eyeview_on/fire_work); @N drop 1037->858; ends before GetChrFileSize
2cd390	2d0670	scenevillager	invented	high	CScene chara/villager/object methods + GetChrFileSize/GetMotionName/SetCharaMotion statics (run 9472-9508); @N drop 1093->815
2d0670	2d1a50	pot	invented	high	CalcReflectionVector + CFragment/CBPot/CPot (run 9509-9514, box/rock/rnd_obj); @N drop 1847->1196
2d1a50	2d2720	villagermngr	invented	med	CVillagerPlace/CVillagerData/CVillagerPlaceInfo/CVillagerMngr; single-local run 9515 (@513 in CVillagerMngr::Step); @N drop 1438->513; separated from actscript only by symtab order + @N gap 513->1118
2d2720	2d6c00	actscript	invented	high	ParabolicInitialVector, GetStack*/SetStack, ~110 RS_STACKDATA action-script handlers, Shot*Gun, SetActionScript/SetActionExtendTable (run 9516-9655)
2d6c00	2d8aa0	mapselect	invented	high	OPEN-END (crosses 0x2d8000): mlMAP_NAME*, LoadMapName..MapSelectLoop, SaveDataEditLoop, EventViewLoop, GetLine, AtraMiriaOnOff (run 9656-9732); next TU (font, run 9733-9829, @N drop 1471->812) starts 0x2d8aa0 GetGaijiW
# NOTES
# filesocket       2 funcs, symtab locals none; 
# visualmotion    20 funcs, symtab locals idx 7970-7983; data 358500-358550 rodata 372ca0-372cdf
# ezbgm            3 funcs, symtab locals idx 7984-7990; bss 1f350c0-1f35128 rodata 372ce0-372d7e
# dng_event       75 funcs, symtab locals idx 7991-8051; bss 1f35130-1f35158 data 358550-358620 pinit 37b044-37b048 rodata 372d80-372f91 sbss 37dec0-37ded4 sinit 37aa60-37aa6c
# eventsprite     46 funcs, symtab locals idx 8052-8052; rodata 372f98-372f99
# menushop        29 funcs, symtab locals idx 8053-8193; bss 1f35160-1f3519c data 358620-3587a6 pinit 37b048-37b04c rodata 372fa0-373427 sbss 37ded4-37df7c sdata 37cb18-37cb40 sinit 37aa70-37aa7c
# editriver       27 funcs, symtab locals idx 8194-8205; bss 1f351a0-1f351c0 data 3587b0-358890
# movie           89 funcs, symtab locals idx 8206-8326; bss 1f351c0-1f35b78 data 358890-3588b0 rodata 373428-373621 sbss 37df7c-37dfc1 sdata 37cb40-37cb44
# editmapeffect    4 funcs, symtab locals idx 8327-8330; bss 1f35b80-1f35c10 rodata 373628-373642 sbss 37dfc4-37dfc5
# funcpoint       34 funcs, symtab locals idx 8331-8340; bss 1f35c10-1f35eb0 rodata 373650-3736a4 sbss 37dfc8-37dfd1
# title           36 funcs, symtab locals idx 8341-8511; bss 1f35eb0-1f36080 data 3588b0-358a2c pinit 37b04c-37b050 rodata 3736a8-373a14 sbss 37dfd4-37e104 sdata 37cb44-37cb68 sinit 37aa80-37aaf4
# soundviewer      3 funcs, symtab locals none; 
# editinfo        38 funcs, symtab locals idx 8512-8581; data 358a30-358b20 rodata 373a18-373baf sbss 37e104-37e130
# scenesnd        71 funcs, symtab locals idx 8582-8596; rodata 373bb0-373cb2 sdata 37cb68-37cb6a
# editdata        38 funcs, symtab locals idx 8597-8633; bss 1f36080-1f3a0f0 data 358b20-358b70 pinit 37b050-37b054 rodata 373cc0-373de0 sbss 37e130-37e140 sinit 37ab00-37ab20
# menucapt         3 funcs, symtab locals idx 8634-8661; bss 1f3a0f0-1f3a120 data 358b70-358b90 pinit 37b054-37b058 rodata 373de0-373eb3 sbss 37e140-37e169 sinit 37ab20-37ab2c
# npccfg           8 funcs, symtab locals idx 8662-8678; bss 1f3a120-1f3c760 data 358b90-358bc9 rodata 373ec0-373f41 sbss 37e16c-37e171
# menumap         19 funcs, symtab locals idx 8679-8766; bss 1f3c760-1f3c7e0 data 358bd0-358c90 pinit 37b058-37b05c rodata 373f48-3740c0 sbss 37e174-37e212 sdata 37cb70-37cb78 sinit 37ab30-37ab5c
# menuchr         87 funcs, symtab locals idx 8767-9210; bss 1f3c990-1f3cf20 data 358d50-3597cc pinit 37b05c-37b060 rodata 3740c0-375267 sbss 37e22c-37e2f4 sdata 37cb78-37cbef sinit 37ab60-37abf4
# menuop          35 funcs, symtab locals idx 9211-9426; bss 1f3cf20-1f3d03c data 3597d0-35998c pinit 37b060-37b064 rodata 375268-3759bb sbss 37e2f4-37e408 sdata 37cbf0-37cc20 sinit 37ac00-37ac38
# movieviewlp      4 funcs, symtab locals idx 9427-9465; bss 1f3d040-1f3d160 data 359990-3599a0 pinit 37b064-37b068 rodata 3759c0-375a66 sbss 37e408-37e449 sinit 37ac40-37ac6c
# sceneevent      14 funcs, symtab locals idx 9466-9471; data 3599a0-3599f0 rodata 375a70-375ab2
# scenevillager   40 funcs, symtab locals idx 9472-9508; bss 1f3d160-1f3d170 data 3599f0-35a590 rodata 375ab8-375c88
# pot             17 funcs, symtab locals idx 9509-9514; rodata 375c88-375ccc
# villagermngr    16 funcs, symtab locals idx 9515-9515; rodata 375cd0-375cec
# actscript       95 funcs, symtab locals idx 9516-9655; bss 1f3d180-1f3d580 data 35a780-35aa98 rodata 375cf0-375f10 sbss 37e450-37e469
# mapselect       23 funcs, symtab locals idx 9656-9732; bss 1f3d580-1f455c0 data 35aaa0-35ac78 rodata 375f10-37613e sbss 37e46c-37e4b0 sdata 37cc20-37cc42
# Method: b1_seg.py splits part-B locals (symtab idx 7970-11420) into "atoms" at every index k where, for every region
#   (text, data 358500-363480, rodata 372ca0-379680, sinit 37aa60-37afe0, pinit 37b044-37b0a4, sdata 37cb18-37cd84, sbss 37dec0-37eb00, bss 1f350c0-1f64a00),
#   max(addr of locals before k) < min(addr after k). Atoms are then merged into TUs using @N/$N counter continuity (the @N and name$N
#   suffixes share ONE per-TU counter; sorted by address within a region they are monotone except +-1 swaps; a large drop = new TU),
#   symtab-run order (in-TU order is hash-like, so a cleanly separated run of several symbols is a TU), and function->local relocations.
# relocs.txt r_offsets are vaddr+0x100000 (compensated: 45164/45787 jal targets match after the shift, ~0 before).
# Every function with a reloc to a part-B local maps into exactly one TU below (0 conflicts). Global-object refs were NOT used as evidence (cross-TU).
# Index 7970 (SetData6) is already part-B (first local after libgcc's 7969 gcc2_compiled.).
# Uncertain boundaries: 0x28d1f0 (filesocket vs visualmotion), 0x28ed90 (CStartupEpisodeTitle/MessageTaskManager could be own TU or ezbgm tail),
#   0x293ec0 (Parabolic* at dng_event tail vs eventsprite; alt 0x294060), eventsprite as separate TU vs head of menushop (only evidence: its one local is
#   first in symtab before menushop's run), 0x2a9270/0x2a92a0 (soundviewer stubs), 0x2a9ff0 (CEditMap::GetEvent editinfo vs scenesnd),
#   0x2d1a50/0x2d2720 (villagermngr separate from actscript: @N gap 513->1118 + symtab order).
# Vtable area 0x37b0a4-0x37c6f0 is in TU order: part-B vtables mgCVisualMotionMDT, CGeoStone, CRedMarkModel, CMenuQuestView, CShopMenu, CFuncPointMngr, ...
# Next TU after mapselect (outside slice): font, starts 0x2d8aa0 (GetGaijiW), symtab run 9733-9829; then gaiji img 0x2dd5d0 (run 9830-9839), editmode 0x2dd740.
