#index	text_start	text_end	unit	name_source	confidence
0	00100000	001000d0	crt0	dc1	high
1	001000d0	00100190	lib/mwcc/fpcmp	invented	low
2	00100190	001001c0	lib/mwcc/mwinit	invented	low
3	001001c0	001004f0	lib/mwcc/CPlusLib	invented	low
4	001004f0	001005d0	lib/mwcc/New	invented	med
5	001005d0	001009a0	lib/mwcc/NMWException	invented	low
6	001009a0	00100a30	lib/mwcc/global_destructor_chain	invented	low
7	00100a30	00102190	lib/mwcc/MWException	invented	med
8	00102190	00102630	lib/mwcc/ExceptionPS2	invented	low
9	00102630	00104288	lib/sce/libgraph	dc1	high
10	00104288	00104d58	lib/sce/libdma	dc1	high
11	00104d58	00106630	lib/sce/libdev	invented	med
12	00106630	00106958	lib/sce/pkt/libgifpk	dc1	high
13	00106958	00106d00	lib/sce/pkt/libvifpk	dc1	high
14	00106d00	00107a50	lib/sce/libvu0	dc1	high
15	00107a50	0010f4e0	lib/sce/libmpeg	invented	med
16	0010f4e0	0010fb00	lib/sce/libipu	invented	med
17	0010fb00	001103a0	lib/sce/kernl/klib	dc1	high
18	001103a0	00110770	lib/sce/kernl/glue	dc1	high
19	00110770	001109f0	lib/sce/kernl/cache	dc1	high
20	001109f0	00110d60	lib/sce/kernl/intr	dc1	high
21	00110d60	001110c0	lib/sce/kernl/thread	dc1	high
22	001110c0	001112a0	lib/sce/kernl/deci2	dc1	high
23	001112a0	001117c0	lib/sce/kernl/tty	dc1	high
24	001117c0	00112138	lib/sce/kernl/kprintf	dc1	high
25	00112138	00112880	lib/sce/kernl/sifcmd	dc1	high
26	00112880	001137e0	lib/sce/kernl/sifrpc	dc1	high
27	001137e0	00116e78	lib/sce/kernl/filestub	dc1	high
28	00116e78	00117178	lib/sce/kernl/iopheap	dc1	high
29	00117178	00117ed8	lib/sce/kernl/eeloadfile	dc1	high
30	00117ed8	00118188	lib/sce/kernl/iopreset	dc1	high
31	00118188	001186c0	lib/sce/kernl/tlbfunc	invented	med
32	001186c0	00118a20	lib/sce/kernl/tlbtrap	invented	low
33	00118a20	00118a80	lib/sce/kernl/diei	invented	low
34	00118a80	00118bc0	lib/sce/kernl/initsys	invented	low
35	00118bc0	00118d40	lib/sce/kernl/libosd	invented	low
36	00118d40	00118e50	lib/sce/kernl/exit	invented	low
37	00118e50	00119180	lib/sce/sdr_main	dc1	high
38	00119180	001194b8	lib/libm/math/e_atan2	dc1	high
39	001194b8	0011a1e0	lib/libm/math/e_pow	invented	med
40	0011a1e0	0011a700	lib/libm/math/e_rem_pio2	dc1	high
41	0011a700	0011aa08	lib/libm/math/e_sqrt	dc1	high
42	0011aa08	0011ae38	lib/libm/math/ef_acos	dc1	high
43	0011ae38	0011b120	lib/libm/math/ef_atan2	dc1	high
44	0011b120	0011b500	lib/libm/math/ef_rem_pio2	dc1	high
45	0011b500	0011b638	lib/libm/math/ef_sqrt	dc1	high
46	0011b638	0011b888	lib/libm/math/k_cos	dc1	high
47	0011b888	0011c3f0	lib/libm/math/k_rem_pio2	dc1	high
48	0011c3f0	0011c5c8	lib/libm/math/k_sin	dc1	high
49	0011c5c8	0011c720	lib/libm/math/kf_cos	dc1	high
50	0011c720	0011d070	lib/libm/math/kf_rem_pio2	dc1	high
51	0011d070	0011d178	lib/libm/math/kf_sin	dc1	high
52	0011d178	0011d410	lib/libm/math/kf_tan	dc1	high
53	0011d410	0011d820	lib/libm/math/s_atan	dc1	high
54	0011d820	0011d868	lib/libm/common/s_copysign	invented	med
55	0011d868	0011d970	lib/libm/math/s_cos	dc1	high
56	0011d970	0011d9a8	lib/libm/math/s_fabs	dc1	high
57	0011d9a8	0011d9c8	lib/libm/common/s_finite	invented	med
58	0011d9c8	0011dba0	lib/libm/math/s_floor	dc1	high
59	0011dba0	0011dbe8	lib/libm/math/s_isinf	invented	med
60	0011dbe8	0011dc20	lib/libm/math/s_isnan	invented	med
61	0011dc20	0011dc48	lib/libm/common/s_matherr	dc1	high
62	0011dc48	0011de48	lib/libm/common/s_rint	invented	med
63	0011de48	0011e000	lib/libm/common/s_scalbn	invented	med
64	0011e000	0011e0f8	lib/libm/math/s_sin	dc1	high
65	0011e0f8	0011e3a0	lib/libm/math/sf_atan	dc1	high
66	0011e3a0	0011e3d0	lib/libm/common/sf_copysign	invented	med
67	0011e3d0	0011e4b8	lib/libm/math/sf_cos	dc1	high
68	0011e4b8	0011e4d8	lib/libm/math/sf_fabs	dc1	high
69	0011e4d8	0011e5c0	lib/libm/math/sf_floor	dc1	high
70	0011e5c0	0011e5e8	lib/libm/math/sf_isnan	invented	med
71	0011e5e8	0011e748	lib/libm/common/sf_scalbn	invented	med
72	0011e748	0011e838	lib/libm/math/sf_sin	dc1	high
73	0011e838	0011e8c0	lib/libm/math/sf_tan	dc1	high
74	0011e8c0	0011e9d8	lib/libm/math/w_atan2	dc1	high
75	0011e9d8	0011ee08	lib/libm/math/w_pow	invented	med
76	0011ee08	0011ef18	lib/libm/math/w_sqrt	dc1	high
77	0011ef18	0011f018	lib/libm/math/wf_acos	dc1	high
78	0011f018	0011f140	lib/libm/math/wf_atan2	dc1	high
79	0011f140	0011f258	lib/libm/math/wf_sqrt	dc1	high
80	0011f258	00120e50	lib/sce/eecdvd	dc1	high
81	00120e50	001221e8	lib/sce/libpad	dc1	high
82	001221e8	00123a50	lib/sce/libmc	dc1	high
83	00123a50	00123ce8	lib/sce/msinput	dc1	high
84	00123ce8	00123d08	lib/libc/stdlib/abort	dc1	high
85	00123d08	00123d20	lib/libc/stdlib/abs	dc1	high
86	00123d20	00123d40	lib/libc/stdlib/atof	dc1	high
87	00123d40	00123d68	lib/libc/stdlib/atoi	dc1	high
88	00123d68	00123e28	lib/libc/callocr	dc1	high
89	00123e28	00123e80	lib/libc/reent/closer	dc1	high
90	00123e80	00125268	lib/libc/stdlib/dtoa	dc1	high
91	00125268	00125278	lib/libc/errno/errno	dc1	high
92	00125278	00125328	lib/libc/stdlib/exit	dc1	high
93	00125328	00125430	lib/libc/stdio/fflush	dc1	high
94	00125430	00125688	lib/libc/stdio/findfp	dc1	high
95	00125688	001256c0	lib/libc/stdio/fprintf	dc1	high
96	001256c0	00125b50	lib/libc/freer	dc1	high
97	00125b50	00125bb0	lib/libc/reent/fstatr	dc1	high
98	00125bb0	00125f88	lib/libc/stdio/fvwrite	dc1	high
99	00125f88	00126020	lib/libc/stdio/fwalk	dc1	high
100	00126020	00126040	lib/libc/string/index	invented	med
101	00126040	00126130	lib/libc/locale/locale	dc1	high
102	00126130	00126190	lib/libc/reent/lseekr	dc1	high
103	00126190	001262e0	lib/libc/stdio/makebuf	dc1	high
104	001262e0	00126318	lib/libc/stdlib/malloc	dc1	high
105	00126318	00126ce8	lib/libc/stdlib/mallocr	dc1	high
106	00126ce8	00126d28	lib/libc/stdlib/mbtowc_r	dc1	high
107	00126d28	00126e08	lib/libc/machine/r5900/memchr	dc1	high
108	00126e08	00126ea0	lib/libc/machine/r5900/memcmp	dc1	high
109	00126ea0	00126f50	lib/libc/machine/r5900/memcpy	dc1	high
110	00126f50	00127058	lib/libc/machine/r5900/memmove	dc1	high
111	00127058	00127118	lib/libc/machine/r5900/memset	dc1	high
112	00127118	00127128	lib/libc/stdlib/mlock	dc1	high
113	00127128	00128148	lib/libc/stdlib/mprec	dc1	high
114	00128148	001281d8	lib/libc/stdio/printf	dc1	high
115	001281d8	00128218	lib/libc/stdlib/rand	dc1	high
116	00128218	00128278	lib/libc/reent/readr	dc1	high
117	00128278	001282d8	lib/libc/reent/sbrkr	dc1	high
118	001282d8	00128628	lib/libc/signal/signal	dc1	high
119	00128628	001286a8	lib/libc/reent/signalr	dc1	high
120	001286a8	00128780	lib/libc/stdio/sprintf	dc1	high
121	00128780	001288f0	lib/libc/stdio/stdio	dc1	high
122	001288f0	001289a8	lib/libc/string/strcasecmp	dc1	high
123	001289a8	00128ad8	lib/libc/machine/r5900/strcat	dc1	high
124	00128ad8	00128c68	lib/libc/machine/r5900/strchr	invented	med
125	00128c68	00128db0	lib/libc/machine/r5900/strcmp	dc1	high
126	00128db0	00128ec8	lib/libc/machine/r5900/strcpy	dc1	high
127	00128ec8	00129000	lib/libc/machine/r5900/strlen	dc1	high
128	00129000	001291b0	lib/libc/machine/r5900/strncat	invented	med
129	001291b0	00129368	lib/libc/machine/r5900/strncmp	dc1	high
130	00129368	00129528	lib/libc/machine/r5900/strncpy	dc1	high
131	00129528	00129578	lib/libc/string/strrchr	invented	med
132	00129578	001295e8	lib/libc/string/strstr	invented	med
133	001295e8	0012a540	lib/libc/stdlib/strtod	dc1	high
134	0012a540	0012a7b0	lib/libc/stdlib/strtol	dc1	high
135	0012a7b0	0012a7d0	lib/libc/ctype/toupper	invented	med
136	0012a7d0	0012c0f0	lib/libc/stdio/vfprintf	dc1	high
137	0012c0f0	0012c148	lib/libc/stdio/vsprintf	invented	med
138	0012c148	0012c1a8	lib/libc/reent/writer	dc1	high
139	0012c1a8	0012c2c0	lib/libc/stdio/wsetup	dc1	high
140	0012c2c0	0012f840	mg_texture	invented	high
141	0012f840	00131790	mg_math	invented	med
142	00131790	001321e0	mg_camera	invented	med
143	001321e0	00134a20	mg_dataset	invented	high
144	00134a20	00136160	mg_drawprim	invented	med
145	00136160	00138ee0	mg_frame	sinit	high
146	00138ee0	00139f20	mg_drawenv	invented	high
147	00139f20	0013a580	mg_memory	invented	high
148	0013a580	0013b2e0	mg_shadow	invented	high
149	0013b2e0	0013c340	mg_sprite	invented	high
150	0013c340	0013ea20	mg_tanime	sinit	high
151	0013ea20	00141850	mg_visual	invented	high
152	00141850	001466d0	mglib	sinit	high
153	001466d0	00147890	scriptinterpreter	dc1	high
154	00147890	00148a90	collision	invented	high
155	00148a90	0014a650	dataread	dc1	med
156	0014a650	0014bd00	gamepad	dc1	high
157	0014bd00	00151910	gameutil	dc1	low
158	00151910	0015d470	nd_meswin	sinit	med
159	0015d470	0015d830	main	dc1	med
160	0015d830	00162080	map	dc1	high
161	00162080	00166250	mapload	invented	med
162	00166250	00167660	mapinfo	invented	med
163	00167660	00169930	mapparts	dc1	high
164	00169930	0016ae00	mdslist	invented	med
165	0016ae00	0016b550	object	dc1	med
166	0016b550	001741f0	actionchara	invented	high
167	001741f0	0017abd0	character	dc1	high
168	0017abd0	0017d680	dynamicanime	invented	high
169	0017d680	0017e280	outline	invented	high
170	0017e280	0017f760	effectlist	invented	med
171	0017f760	001809e0	screeneffect	invented	low
172	001809e0	001846f0	effect	dc1	high
173	001846f0	00185710	mapsky	invented	med
174	00185710	001874a0	water	dc1	med
175	001874a0	00188090	dbg_font	sinit	high
176	00188090	00189e30	runscript	dc1	high
177	00189e30	0018c770	sound	dc1	high
178	0018c770	0018c970	ezmidi	invented	med
179	0018c970	0018da20	snd_seseq	invented	med
180	0018da20	00191df0	snd_mngr	sinit	high
181	00191df0	00195a00	mainloop	sinit	high
182	00195a00	00197ba0	gamedata	sinit	high
183	00197ba0	00198100	sysmes	sinit	med
184	00198100	001a3460	userdata	sinit	med
185	001a3460	001a3490	charaviewlp	invented	low
186	001a3490	001a34c0	texviewlp	invented	low
187	001a34c0	001a34f0	mapviewlp	invented	low
188	001a34f0	001a4050	wavetable	invented	med
189	001a4050	001a54c0	editcoll	invented	med
190	001a54c0	001a8c80	editctrl	sinit	high
191	001a8c80	001aaef0	editdebug	invented	med
192	001aaef0	001b16d0	editloop	sinit	high
193	001b16d0	001b6980	editmap	invented	high
194	001b6980	001b7400	editparts	invented	med
195	001b7400	001bb040	dng_object	invented	med
196	001bb040	001bbe10	colprim	invented	med
197	001bbe10	001bcec0	dng_debug	sinit	high
198	001bcec0	001bfa40	dng_status	invented	med
199	001bfa40	001ca710	dng_effect	invented	med
200	001ca710	001cd130	dng_hud	invented	low
201	001cd130	001d5d60	dng_main	sinit	high
202	001d5d60	001daf60	automap	invented	high
203	001daf60	001e1ab0	monster	invented	high
204	001e1ab0	001e9260	runscript_opcodes	dc1	high
205	001e9260	001e9580	prespr	invented	low
206	001e9580	001ea340	maintex	invented	med
207	001ea340	001ebc70	charasetup	invented	med
208	001ebc70	001f3d70	dngmenu	sinit	high
209	001f3d70	001ff8e0	editmenu	sinit	high
210	001ff8e0	0020e460	inventmn	sinit	high
211	0020e460	0021ead0	menuaqua	sinit	high
212	0021ead0	002214f0	menucls1	sinit	high
213	002214f0	00234c80	menudraw	sinit	high
214	00234c80	00239470	menumain	sinit	high
215	00239470	00252cf0	menusys	sinit	high
216	00252cf0	002576f0	menucommon	invented	med
217	002576f0	002583e0	event	sinit	high
218	002583e0	002608f0	sceneseq	invented	high
219	002608f0	00281ab0	event_func	sinit	med
220	00281ab0	002850b0	eventedit	sinit	high
221	002850b0	00288970	scene	invented	med
222	00288970	00289e48	sceneload	invented	med
223	00289e48	0028a538	lib/libgcc/_divdi3	dc1	high
224	0028a538	0028a598	lib/libgcc/_fixdfdi	dc1	high
225	0028a598	0028a688	lib/libgcc/_fixunsdfdi	dc1	high
226	0028a688	0028a720	lib/libgcc/_floatdidf	dc1	high
227	0028a720	0028ad88	lib/libgcc/_moddi3	dc1	high
228	0028ad88	0028ade8	lib/libgcc/_muldi3	dc1	high
229	0028ade8	0028b3b8	lib/libgcc/_udivdi3	dc1	high
230	0028b3b8	0028b8f8	lib/libgcc/_umoddi3	dc1	high
231	0028b8f8	0028c5f0	lib/libgcc/dp-bit	dc1	high
232	0028c5f0	0028d1d0	lib/libgcc/fp-bit	dc1	high
233	0028d1d0	0028d1f0	filesocket	invented	low
234	0028d1f0	0028eb50	visualmotion	invented	high
235	0028eb50	0028ed90	ezbgm	invented	high
236	0028ed90	00293ec0	dng_event	sinit	high
237	00293ec0	00295160	eventsprite	invented	med
238	00295160	0029a5d0	menushop	sinit	high
239	0029a5d0	0029c470	editriver	invented	high
240	0029c470	0029fdf0	movie	invented	high
241	0029fdf0	002a02b0	editmapeffect	invented	med
242	002a02b0	002a2e70	funcpoint	invented	med
243	002a2e70	002a9270	title	sinit	high
244	002a9270	002a92a0	sndviewlp	invented	low
245	002a92a0	002a9ff0	editinfo	invented	high
246	002a9ff0	002accd0	scenesnd	invented	med
247	002accd0	002aef10	editdata	sinit	high
248	002aef10	002af5b0	menucapt	sinit	high
249	002af5b0	002afa60	npccfg	invented	high
250	002afa60	002b41f0	menumap	sinit	high
251	002b41f0	002c4260	menuchr	sinit	high
252	002c4260	002cb730	menuop	sinit	high
253	002cb730	002cc360	movieviewlp	sinit	high
254	002cc360	002cd390	sceneevent	invented	high
255	002cd390	002d0670	scenevillager	invented	high
256	002d0670	002d1a50	pot	invented	high
257	002d1a50	002d2720	villagermngr	invented	med
258	002d2720	002d6c00	actscript	invented	high
259	002d6c00	002d8aa0	mapselect	invented	high
260	002d8aa0	002dae90	font	invented	med
261	002dae90	002db1b0	occlusion	invented	low
262	002db1b0	002dd5d0	drawwin	invented	low
263	002dd5d0	002dd740	gaiji	invented	high
264	002dd740	002e2de0	editmode	sinit	high
265	002e2de0	002e3c10	intersection	invented	med
266	002e3c10	002e4de0	mapjump	sinit	high
267	002e4de0	002eddd0	effscript	invented	high
268	002eddd0	002f0e50	sphida	invented	high
269	002f0e50	002f23e0	cameracontrol	invented	med
270	002f23e0	002f26f0	padcontrol	invented	low
271	002f26f0	002f49b0	editmap2	invented	high
272	002f49b0	002f62d0	editevent	invented	high
273	002f62d0	002f6390	menusystemdata	invented	low
274	002f6390	002fa530	memcard	invented	high
275	002fa530	002fb260	swordeffect	invented	med
276	002fb260	002fc2a0	savedata	invented	med
277	002fc2a0	002fc4f0	savedatadungeon	invented	med
278	002fc4f0	002fdd70	editexception	invented	high
279	002fdd70	002ffae0	dngfloor	invented	med
280	002ffae0	003015f0	editeff	sinit	high
281	003015f0	00308fc0	fishing	sinit	high
282	00308fc0	00309a00	subgame	sinit	high
283	00309a00	0030e5c0	gyorace	sinit	high
284	0030e5c0	0030f890	nowload	sinit	high
285	0030f890	00313880	nameregi	sinit	high
286	00313880	00314db0	photo	sinit	high
287	00314db0	00318b70	fishingobj	sinit	high
288	00318b70	0031bdd0	pbuggy	sinit	high
289	0031bdd0	0031e310	editanalyze	invented	high
290	0031e310	0031ead0	helpmes	sinit	high
291	0031ead0	0031fbd0	vlgr_info	sinit	high
292	0031fbd0	00320090	quest	invented	med
293	00320090	00320c80	mainloop3	sinit	high
294	00320c80	00320d40	hddinstall	invented	low
295	00320d40	00321850	password	invented	high
296	00321850	00321b90	crandom	invented	low
297	00321b90	00324ac0	gyoracesim	invented	high
298	00324ac0	00325c80	convviewlp	sinit	high
